<!--
theme name:     NES BOX Theme
creator:		Travis Wilson (Super Retropie and Retro Gaming)
facebook:		www.facebook.com/groups/superretropie
twitter:		www.twitter.com/superretropie
email:			superretropieretrogaming@gmail.com
version         1.9
-->

<?xml version="1.0" encoding="UTF-8"?>
<theme>
   <formatVersion>7</formatVersion>
   
    <variables>
     <bottombarSubsetname>Bottom Bar Color</bottombarSubsetname>
   </variables>
   
    <subset name="bottombar" displayName="${bottombarSubsetname}" appliesTo="detailed, video">
        <include name="red" displayName="${red}">./red.xml</include>
        <include name="blue" displayName="${blue}">./blue.xml</include>
		<include name="green" displayName="${green}">./green.xml</include>
    </subset>

</theme>
